id,text
1,"The payment requirement defines retry behavior after an API timeout."
2,"The user story requires customers to update their registered email address."
3,"Acceptance criteria specify successful login after valid credentials are submitted."
4,"The business requirement defines mandatory approval for high value transactions."
5,"The authentication story requires multi factor verification for privileged users."
6,"The requirement specifies that payment requests must return a clear timeout response."
7,"Acceptance criteria require the dashboard to display current delivery status."
8,"The user story requires administrators to deactivate inactive accounts."
9,"The business requirement defines supported currencies for international payments."
10,"The requirement specifies mandatory validation of customer contact information."
11,"Acceptance criteria define the expected response when an invalid payment method is used."
12,"The product owner clarified the requirement for payment history filtering."
13,"The user story requires customers to download monthly account statements."
14,"Business requirements specify that sensitive customer information must be protected."
15,"The requirement defines mandatory fields for creating a new support ticket."
16,"Acceptance criteria require duplicate customer records to be rejected."
17,"The authentication requirement specifies password expiration rules for administrators."
18,"The user story requires search results to support filtering by status."
19,"The requirement defines the expected behavior when an external API is unavailable."
20,"Acceptance criteria specify that cancelled orders must not be charged."
21,"The business requirement requires audit information for important account changes."
22,"The user story requires managers to review pending approval requests."
23,"The requirement specifies validation rules for uploaded customer documents."
24,"Acceptance criteria define the maximum response time for the reporting service."
25,"The business requirement defines ownership for customer onboarding activities."
26,"The requirement specifies that expired sessions must redirect users to login."
27,"The user story requires notification when a payment is successfully completed."
28,"Acceptance criteria require rejected transactions to display a meaningful error message."
29,"The business requirement defines retention rules for customer transaction history."
30,"The requirement specifies supported file formats for document upload."
31,"The user story requires users to reset forgotten passwords through email verification."
32,"Acceptance criteria define the behavior of the application during maintenance mode."
33,"The business requirement requires approval evidence for production changes."
34,"The requirement defines mandatory fields for creating a release request."
35,"The user story requires project managers to view milestone progress."
36,"Acceptance criteria specify that incomplete forms cannot be submitted."
37,"The requirement defines access rules for users with different roles."
38,"The business requirement requires customer records to remain traceable across services."
39,"The user story requires notification preferences to be configurable."
40,"Acceptance criteria define the expected result when duplicate requests are submitted."
41,"The requirement specifies that failed payments should remain visible in transaction history."
42,"The business requirement defines escalation rules for high priority customer issues."
43,"The user story requires administrators to export audit information."
44,"Acceptance criteria require API responses to contain the documented status code."
45,"The requirement defines how account suspension should affect active sessions."
46,"The business requirement specifies approval requirements for scope changes."
47,"The user story requires the release dashboard to display open blockers."
48,"Acceptance criteria define the expected behavior for invalid authentication tokens."
49,"The requirement specifies that customer search must support partial names."
50,"The business requirement defines mandatory traceability between stories and acceptance criteria."
51,"QA executed regression testing for the payment API after the latest deployment."
52,"The automated test suite validated successful login and logout scenarios."
53,"Integration testing failed when the payment service called the authentication service."
54,"QA created additional test cases for payment timeout handling."
55,"The regression suite completed successfully for the customer profile module."
56,"Test coverage increased after new authentication test cases were added."
57,"QA executed API validation against the latest version of the payment service."
58,"The automated tests identified a failure in the password reset workflow."
59,"Integration tests verified communication between the order and payment services."
60,"QA completed validation of customer account creation."
61,"Regression testing detected unexpected behavior in the transaction history screen."
62,"The test team automated validation of common payment scenarios."
63,"QA executed negative tests for invalid authentication credentials."
64,"Test coverage for the reporting module reached eighty five percent."
65,"Integration testing confirmed that customer updates reached the downstream service."
66,"The regression suite was executed after changes to the authorization logic."
67,"QA validated error handling for unavailable external APIs."
68,"Automated testing reduced execution time for the payment regression suite."
69,"The test team created cases for duplicate customer records."
70,"QA completed end to end testing of the account onboarding workflow."
71,"Regression testing confirmed that existing payment functionality remained stable."
72,"The integration test environment was refreshed before the scheduled test cycle."
73,"QA executed validation tests for file upload restrictions."
74,"Automated tests failed because the test environment service was unavailable."
75,"The testing team increased coverage for high priority user stories."
76,"QA completed regression validation after the database migration."
77,"Integration testing identified inconsistent responses from the customer service."
78,"The test team automated verification of mandatory form fields."
79,"QA validated session expiration and automatic redirection to login."
80,"Regression testing confirmed the release candidate passed critical scenarios."
81,"The automated test suite executed successfully against the release candidate."
82,"QA performed API testing for invalid payment requests."
83,"The test team created regression cases for a previously fixed authentication issue."
84,"Integration testing verified data synchronization between customer services."
85,"QA validated notification behavior after successful payment completion."
86,"Test coverage was reviewed for the new account management functionality."
87,"The regression suite identified failures in customer search filtering."
88,"QA completed validation of role based access controls."
89,"Automated testing detected an unexpected response from the reporting API."
90,"The test team executed performance validation for the transaction service."
91,"QA completed smoke testing before starting the full regression cycle."
92,"Integration testing confirmed successful communication with the notification service."
93,"The test team added cases for expired authentication tokens."
94,"Regression testing was repeated after configuration changes were deployed."
95,"QA validated supported document formats during the upload test cycle."
96,"Automated tests verified that cancelled orders were not charged."
97,"The test team reviewed failed test cases before release approval."
98,"QA executed end to end validation of customer onboarding."
99,"Integration testing detected a timeout between two dependent services."
100,"Test coverage reports were updated after the latest automation run."
101,"A critical payment defect remains open after the latest regression cycle."
102,"QA reproduced an authentication failure in the production-like environment."
103,"The developer fixed the password reset defect and requested retesting."
104,"A high priority defect was discovered during payment integration testing."
105,"QA logged a defect for incorrect transaction history information."
106,"The authentication bug causes privileged users to receive an access error."
107,"The defect was assigned to the payment development team for investigation."
108,"QA retested the corrected customer profile defect successfully."
109,"A regression defect appeared after changes to authorization rules."
110,"The defect severity was increased because customer payments were affected."
111,"QA reproduced a failure when users uploaded unsupported documents."
112,"The development team deployed a fix for the reporting calculation defect."
113,"A critical security defect is blocking the current release."
114,"The defect remains open because the root cause has not been identified."
115,"QA confirmed that the latest fix resolved the payment timeout issue."
116,"A high priority bug was reported against the customer search functionality."
117,"The defect was reopened after regression testing reproduced the failure."
118,"QA recorded incorrect error handling as a medium severity defect."
119,"The developer investigated the failed authentication request and identified a configuration issue."
120,"A production defect caused duplicate customer notifications."
121,"QA verified the fix for the duplicate notification defect."
122,"The defect priority was changed after business impact was reassessed."
123,"A regression bug was introduced by the latest database migration."
124,"QA reproduced an intermittent failure in the payment service."
125,"The development team provided a fix for the transaction history defect."
126,"The defect requires additional testing before it can be closed."
127,"QA closed the defect after successful verification of the correction."
128,"A critical authorization defect prevents administrators from accessing required functions."
129,"The defect was linked to the affected user story for traceability."
130,"QA identified a defect where expired sessions remained active."
131,"The payment defect was escalated because it affects multiple customers."
132,"The development team completed root cause analysis for the integration defect."
133,"QA retested the release candidate after the critical defect was fixed."
134,"A medium priority defect affects the customer profile update workflow."
135,"The defect was marked as resolved after code review and testing."
136,"QA discovered a regression issue in the reporting service."
137,"The defect severity was reviewed during the daily triage meeting."
138,"A failed integration test resulted in a new defect record."
139,"QA verified that the latest fix did not introduce additional regressions."
140,"The authentication defect remains open pending a security review."
141,"A production bug caused incorrect status information on the dashboard."
142,"QA reproduced the dashboard defect and attached evidence to the ticket."
143,"The developer corrected the API response defect."
144,"The defect was reopened because the fix failed validation."
145,"QA confirmed successful retesting of the payment authorization defect."
146,"A high severity defect is affecting the release candidate."
147,"The development team prioritized the defect for immediate resolution."
148,"QA identified a defect caused by an environment configuration mismatch."
149,"The defect was closed after regression testing completed successfully."
150,"A critical defect remains unresolved and may affect production deployment."
151,"The release readiness review identified unresolved critical defects."
152,"Production deployment is waiting for final approval from the release board."
153,"The release candidate passed smoke testing and is ready for regression validation."
154,"Deployment was blocked because a high severity security defect remains open."
155,"The release manager reviewed the current production readiness status."
156,"Production deployment requires approval evidence from the change authority."
157,"The release board approved deployment after all critical tests passed."
158,"The deployment window was scheduled for the next production release."
159,"Release readiness depends on closure of the remaining payment defects."
160,"The production deployment was postponed because regression testing failed."
161,"The release candidate is awaiting business approval before deployment."
162,"The release manager confirmed that mandatory validation activities are complete."
163,"Production deployment was successful after the final approval was received."
164,"The release checklist includes testing, defect review, and deployment approval."
165,"The release team reviewed open blockers before the readiness meeting."
166,"Deployment approval was delayed because test evidence was incomplete."
167,"The production release requires confirmation from application owners."
168,"The release readiness meeting reviewed critical defects and test coverage."
169,"The deployment was rolled back after a production validation failure."
170,"The release manager requested confirmation that all high priority defects were addressed."
171,"Production deployment is blocked until the authentication defect is resolved."
172,"The release candidate completed regression testing with no critical failures."
173,"The release board reviewed the risk associated with the remaining open defects."
174,"The deployment team confirmed that the production environment is ready."
175,"Release approval requires evidence of successful integration testing."
176,"The release manager postponed deployment pending completion of security validation."
177,"The production release was approved after business stakeholders reviewed the evidence."
178,"The release readiness dashboard shows two unresolved blockers."
179,"Deployment verification confirmed that the released services are available."
180,"The release team completed the final production readiness checklist."
181,"Production deployment requires confirmation of database migration results."
182,"The release candidate was rejected because critical regression tests failed."
183,"The release board requested additional evidence before approving production deployment."
184,"The deployment was completed successfully after all readiness checks passed."
185,"The release manager reviewed unresolved risks with the delivery team."
186,"Release approval was granted after QA confirmed successful validation."
187,"The production deployment window was changed because a blocker remained open."
188,"The release readiness review confirmed that all mandatory test evidence was available."
189,"The deployment rollback procedure was reviewed before production release."
190,"The release team confirmed that no critical defects remain open."
191,"Production deployment was approved after security testing was completed."
192,"The release manager tracked open defects and testing status during readiness review."
193,"The release candidate is waiting for final stakeholder approval."
194,"Deployment verification identified an environment issue after production release."
195,"The release board approved the emergency deployment after reviewing risk evidence."
196,"Release readiness depends on completing the remaining integration tests."
197,"The production release was delayed because required approval evidence was missing."
198,"The deployment team completed post release validation successfully."
199,"The release manager confirmed that all deployment activities were documented."
200,"The release readiness review identified a need for additional regression testing."
201,"Traceability between requirements and test cases was reviewed during governance."
202,"The governance team identified missing links between user stories and defects."
203,"The steering committee requested an updated delivery status report."
204,"The release board reviewed unresolved delivery risks."
205,"Governance review confirmed that approval evidence was available for the scope change."
206,"The project manager updated the delivery status after the weekly review."
207,"Traceability records show that several requirements have no linked test cases."
208,"The governance team requested evidence supporting the production approval."
209,"A scope change was submitted for review by the change authority."
210,"The steering committee discussed risks affecting the planned release date."
211,"The governance review identified incomplete acceptance criteria for several stories."
212,"The project team provided status information for open delivery risks."
213,"The release board requested traceability evidence for critical requirements."
214,"Governance controls require documented approval for major scope changes."
215,"The project manager reviewed outstanding actions from the previous governance meeting."
216,"The steering committee requested clarification of the current delivery status."
217,"Traceability analysis identified a defect without a linked requirement."
218,"The governance team reviewed approval records for the production deployment."
219,"A delivery risk was escalated because the mitigation plan was incomplete."
220,"The project team updated the risk register before the governance review."
221,"Governance review identified inconsistent status information across project reports."
222,"The release board requested evidence that critical requirements were tested."
223,"The steering committee reviewed scope changes affecting the payment module."
224,"Traceability between acceptance criteria and test cases was incomplete."
225,"The governance team requested confirmation of ownership for unresolved risks."
226,"The project manager presented delivery progress during the steering committee meeting."
227,"A governance action requires linking all high priority defects to affected stories."
228,"The release board reviewed the impact of an unresolved production risk."
229,"The project team documented approval for the latest requirement change."
230,"Governance review confirmed that testing evidence was attached to the release record."
231,"The steering committee requested an updated plan for delayed activities."
232,"Traceability analysis found requirements without corresponding acceptance criteria."
233,"The governance team reviewed scope, risks, defects, and delivery status."
234,"A change request was approved after impact and risk analysis."
235,"The project manager escalated a delivery risk during the governance meeting."
236,"The release board requested additional evidence for an unresolved security risk."
237,"Governance controls require traceability from requirement through testing and release."
238,"The steering committee reviewed the impact of delayed integration testing."
239,"The project team updated governance actions after the weekly status meeting."
240,"Traceability records were updated after several defects were linked to stories."
241,"The governance review identified an approval gap in the release process."
242,"The project manager confirmed that scope changes were documented and approved."
243,"The steering committee requested evidence for the current release readiness status."
244,"The governance team reviewed unresolved risks before the production decision."
245,"The release board confirmed that required approval records were complete."
246,"Traceability analysis linked critical requirements to regression test cases."
247,"The project team reported delivery status and outstanding governance actions."
248,"The governance review identified missing evidence for a major scope decision."
249,"The steering committee reviewed risk mitigation actions for the upcoming release."
250,"The governance team confirmed that requirement, test, defect, and release records were traceable."